"url","city","price","year","manufacturer","make","condition","cylinders","fuel","odometer","title_status","transmission","vin","drive","size","type","paint_color","image_url","lat","long","county_fips","county_name","state_fips","state_code","state_name","weather"
"https://marshall.craigslist.org/cto/d/2010-dodge-challenger-se/6717448841.html","marshall","11900","2010","dodge","challenger se","good","6 cylinders","gas","43600","clean","automatic",,"rwd",,"coupe","red","https://images.craigslist.org/00i0i_2ggH1eKDNKZ_600x450.jpg","43.4775","-96.7041","46083","Lincoln","46","SD","South Dakota","38"
"https://marshall.craigslist.org/cto/d/fleetwood-wilderness-trailer/6713515522.html","marshall","1515","1999",,"fleetwood",,,"gas",,"clean","other",,,,,,"https://images.craigslist.org/00M0M_irjh7SjEcUc_600x450.jpg","44.7612","-96.6907","46039","Deuel","46","SD","South Dakota","38"
"https://marshall.craigslist.org/cto/d/2008-ford-150-super-charged/6717040051.html","marshall","17550","2008","ford","f-150",,,"gas",,"clean","automatic",,,,,,"https://images.craigslist.org/00s0s_eL2XFhEUcx3_600x450.jpg","44.1415","-103.2052","46093","Meade","46","SD","South Dakota","38"
"https://marshall.craigslist.org/cto/d/ford-taurus/6717431178.html","marshall","2800","2004","ford","taurus","good","6 cylinders","gas","168591","clean","automatic","1FAFP55UO4G113464","fwd","full-size","sedan","grey","https://images.craigslist.org/00L0L_5HUR1nQjt84_600x450.jpg","43.2845","-95.593","19143","Osceola","19","IA","Iowa","47"
"https://marshall.craigslist.org/cto/d/2001-grand-prix-gt/6703801452.html","marshall","400","2001",,"2001 Grand Prix",,,"gas","217000","clean","automatic",,,,,,"https://images.craigslist.org/00n0n_bJJ1XnonSGl_600x450.jpg","43.0261","-94.4064","19109","Kossuth","19","IA","Iowa","47"
"https://marshall.craigslist.org/ctd/d/2007-gmc-yukon-denali-awd-4dr/6716702030.html","marshall","9900","2007","gmc","yukon","good","8 cylinders","gas","169000","clean","automatic",,"4wd",,,,"https://images.craigslist.org/00T0T_hFLz9hAHi0c_600x450.jpg","43.328149","-96.774445","46083","Lincoln","46","SD","South Dakota","38"
"https://marshall.craigslist.org/cto/d/2015-jeep-patriot-high/6716022848.html","marshall","12500","2015","jeep","patriot high altitude","like new","4 cylinders","gas","39500","rebuilt","automatic",,"4wd","sub-compact","SUV","grey","https://images.craigslist.org/00404_RsUm4vwrGV_600x450.jpg","43.5486","-96.6332","46099","Minnehaha","46","SD","South Dakota","38"
"https://marshall.craigslist.org/ctd/d/2008-bmw-3-series-328i-first/6716563661.html","marshall","3900","2008","bmw","3 series",,,"gas","0","clean",,"WBAVA37508NL47474",,,,,"https://images.craigslist.org/00202_8ciATrWst3_600x450.jpg","41.622572","-87.632656","17031","Cook","17","IL","Illinois","48"
"https://soo.craigslist.ca/cto/d/ebike-red-zone-72v/6714285127.html","soo","2700","2018",,"Ebike","excellent",,"electric",,"clean","other",,,"mid-size",,"red","https://images.craigslist.org/01111_7YfxuQ9NxuT_600x450.jpg","46.509803","-84.257825",,,,,"FAILED",
"https://soo.craigslist.ca/ctd/d/2003-ford-excursion/6713896952.html","soo","12995","2003","ford","excursion","excellent","10 cylinders","gas","236000","clean","automatic","1FMNU41S43EB95265","4wd",,"SUV","blue","https://images.craigslist.org/00707_97tX51ryfcF_600x450.jpg","46.514191","-84.291307",,,,,"FAILED",
"https://soo.craigslist.ca/cto/d/2006-chev-express-2500-van/6706671694.html","soo","4000","2006","chev","express 2500 van","good","6 cylinders","gas","138000","clean","automatic",,"rwd","full-size","van","white","https://images.craigslist.org/00J0J_fovkGAUCQIG_600x450.jpg","46.497529","-84.467464",,,,,"FAILED",
"https://soo.craigslist.ca/cto/d/2002-chev-crew-cab-duramax/6706664414.html","soo","13000","2002","chevrolet","2500 hd","excellent","8 cylinders","diesel","350000","clean","automatic",,"4wd","full-size","truck","white","https://images.craigslist.org/00V0V_bN5BoWGnSSg_600x450.jpg","46.497529","-84.467464",,,,,"FAILED",
"https://soo.craigslist.ca/cto/d/2016-hyundai-sonata-sport/6704742250.html","soo","21695","2016","hyundai","sonata","like new","4 cylinders","gas","44814","clean","other","5NPE34AF4GH414743","fwd","full-size","sedan","white","https://images.craigslist.org/00z0z_fLBdcucFWW2_600x450.jpg","46.517791","-84.342291",,,,,"FAILED",
"https://soo.craigslist.ca/cto/d/green-camaro/6701825296.html","soo","18000","2011","chevrolet","camaro","like new","6 cylinders","gas",,"clean","manual",,"rwd","full-size","coupe","green","https://images.craigslist.org/00t0t_KU0Z6MO1H2_600x450.jpg","46.79674","-84.278784",,,,,"FAILED",
"https://soo.craigslist.ca/cto/d/2016-hyundai-santa-fe-xl/6700435638.html","soo","29000","2016","hyundai","santa fe xl","excellent","6 cylinders","gas","31500","clean","automatic",,"4wd",,"SUV","black","https://images.craigslist.org/00a0a_9U3pKMXoRaw_600x450.jpg","46.512332","-84.252914",,,,,"FAILED",
"https://soo.craigslist.ca/cto/d/2010-chev-cobolt/6697662487.html","soo","4500","2010","chev","cobolt","excellent","4 cylinders","gas","103456","clean","automatic",,"fwd","compact","sedan","black","https://images.craigslist.org/00f0f_4ecUhRvxZyE_600x450.jpg","46.5307","-84.3046",,,,,"FAILED",
"https://whistler.craigslist.ca/ctd/d/2006-honda-cr-exl-4wd/6718645084.html","whistler","9865","2006","honda","cr-v exl","like new","4 cylinders","gas","193599","clean","automatic",,"4wd",,"SUV","blue","https://images.craigslist.org/01313_7S6L1Yguvn6_600x450.jpg","49.234133","-122.861002",,,,,"FAILED",
"https://whistler.craigslist.ca/ctd/d/2017-ram-1500-laramie-crew/6718645085.html","whistler","41896","2017","ram","1500 laramie","like new","8 cylinders","gas","38578","clean","automatic",,"4wd",,"pickup","black","https://images.craigslist.org/00I0I_1UfrU4wNoH2_600x450.jpg","49.234133","-122.861002",,,,,"FAILED",
"https://whistler.craigslist.ca/ctd/d/2017-acura-mdx-navi-awd/6718645079.html","whistler","44678","2017","acura","mdx navi","like new","6 cylinders","gas","37230","clean","automatic",,"4wd",,"SUV","grey","https://images.craigslist.org/00q0q_9n1vrv74AcY_600x450.jpg","49.234133","-122.861002",,,,,"FAILED",
"https://whistler.craigslist.ca/ctd/d/2016-bmw-x1-28i-awd/6718645071.html","whistler","32546","2016","bmw","x1 28i","like new","4 cylinders","gas","39555","clean","automatic",,"4wd",,"SUV","white","https://images.craigslist.org/00909_hVgnQkFcSbY_600x450.jpg","49.234133","-122.861002",,,,,"FAILED",
"https://whistler.craigslist.ca/ctd/d/2016-acura-rdx-premium-awd-awd/6718645064.html","whistler","30678","2016","acura","rdx premium","like new","6 cylinders","gas","38556","clean","automatic",,"4wd",,"SUV","grey","https://images.craigslist.org/01313_7S6L1Yguvn6_600x450.jpg","49.234133","-122.861002",,,,,"FAILED",
"https://whistler.craigslist.ca/ctd/d/2018-kia-sorento-24l-lx-fast/6718644839.html","whistler","26500","2018","kia","sorento",,,"gas","41318","clean","automatic",,,,,,"https://images.craigslist.org/00B0B_khBKT80k6ur_600x450.jpg","49.266498","-122.998938",,,,,"FAILED",
"https://whistler.craigslist.ca/ctd/d/2016-acura-rdx-elite-awd-awd/6718643804.html","whistler","31658","2016","acura","rdx elite","like new","6 cylinders","gas","59770","clean","automatic",,"4wd",,"SUV","black","https://images.craigslist.org/00808_6fmlmkZ4BJl_600x450.jpg","49.234133","-122.861002",,,,,"FAILED",
"https://whistler.craigslist.ca/ctd/d/2015-acura-rdx-premium/6718643796.html","whistler","25997","2015","acura","rdx premium","like new","6 cylinders","gas","86702","clean","automatic",,"4wd",,"SUV","black","https://images.craigslist.org/00E0E_h6I1jHp6dTO_600x450.jpg","49.234133","-122.861002",,,,,"FAILED",
"https://whistler.craigslist.ca/ctd/d/2015-acura-tlx-tech-fwd-fwd/6718643797.html","whistler","26657","2015","acura","tlx tech","like new","4 cylinders","gas","37363","clean","automatic",,"fwd",,"sedan","black","https://images.craigslist.org/01313_7S6L1Yguvn6_600x450.jpg","49.234133","-122.861002",,,,,"FAILED",
"https://whistler.craigslist.ca/ctd/d/2015-acura-mdx-navi-certified/6718643792.html","whistler","33678","2015","acura","mdx navi certified","like new","6 cylinders","gas","84625","clean","automatic",,"4wd",,"SUV","white","https://images.craigslist.org/00L0L_8jAGPqkZ4Cl_600x450.jpg","49.234133","-122.861002",,,,,"FAILED",
"https://whistler.craigslist.ca/ctd/d/2014-honda-odyssey-touring-fwd/6718643787.html","whistler","31897","2014","honda","odyssey touring","like new","6 cylinders","gas","63324","clean","automatic",,"fwd",,"mini-van","white","https://images.craigslist.org/00606_k03PS1YZA3U_600x450.jpg","49.234133","-122.861002",,,,,"FAILED",
"https://whistler.craigslist.ca/ctd/d/2013-hyundai-elantra-gt-hatch/6718642082.html","whistler","11423","2013","hyundai","elantra gt","like new","4 cylinders","gas","130924","clean","automatic",,"fwd",,"hatchback","green","https://images.craigslist.org/01313_7S6L1Yguvn6_600x450.jpg","49.234133","-122.861002",,,,,"FAILED",
"https://whistler.craigslist.ca/ctd/d/2013-acura-rdx-technology-awd/6718642081.html","whistler","23411","2013","acura","rdx technology","like new","6 cylinders","gas","110704","clean","automatic",,"4wd",,"SUV","grey","https://images.craigslist.org/01111_2TlHLalbosT_600x450.jpg","49.234133","-122.861002",,,,,"FAILED",
"https://whistler.craigslist.ca/ctd/d/2012-volkswagen-touareg/6718642076.html","whistler","24896","2012","volkswagen","touareg","like new","6 cylinders","gas","94056","clean","automatic",,"4wd",,"SUV","black","https://images.craigslist.org/00L0L_frll4F2DbQg_600x450.jpg","49.234133","-122.861002",,,,,"FAILED",
"https://whistler.craigslist.ca/ctd/d/2012-acura-mdx-technology-awd/6718642065.html","whistler","24577","2012","acura","mdx technology","like new","6 cylinders","gas","105030","clean","automatic",,"4wd",,"SUV","grey","https://images.craigslist.org/01313_7S6L1Yguvn6_600x450.jpg","49.234133","-122.861002",,,,,"FAILED",
"https://whistler.craigslist.ca/ctd/d/2011-honda-odyssey-exl-res-fwd/6718642066.html","whistler","19879","2011","honda","odyssey","like new","6 cylinders","gas","123780","clean","automatic",,"fwd",,"mini-van","grey","https://images.craigslist.org/00k0k_dY70bm4hMGV_600x450.jpg","49.234133","-122.861002",,,,,"FAILED",
"https://whistler.craigslist.ca/ctd/d/2012-mazda-3-sport-gx/6715330209.html","whistler","11995","2012",,"model","excellent","4 cylinders","gas",,"clean","automatic",,"fwd",,"hatchback","blue","https://images.craigslist.org/00n0n_3DoLZeMmKsB_600x450.jpg","44.426157","-64.618626",,,,,"FAILED",
"https://whistler.craigslist.ca/ctd/d/2017-chrysler-300-touring/6715324730.html","whistler","24988","2017",,"model","like new","6 cylinders","gas",,"clean","automatic",,"rwd",,,"blue","https://images.craigslist.org/00202_b0qmo8ODocg_600x450.jpg","44.426157","-64.618626",,,,,"FAILED",
"https://whistler.craigslist.ca/ctd/d/2012-hyundai-santa-fe-gls-awd/6715305298.html","whistler","13988","2012",,"model","excellent",,"gas",,"clean","automatic",,,,,"blue","https://images.craigslist.org/00j0j_gilBaPaBXKT_600x450.jpg","44.426157","-64.618626",,,,,"FAILED",
"https://whistler.craigslist.ca/ctd/d/2008-hyundai-sonata-gl-v6/6699876770.html","whistler","5988","2008",,"model","excellent",,"gas",,"clean","automatic",,,,,"silver","https://images.craigslist.org/01616_dN50nGYYzOA_600x450.jpg","44.426157","-64.618626",,,,,"FAILED",
"https://whistler.craigslist.ca/ctd/d/2017-dodge-charger-sxt-plus/6708603443.html","whistler","26995","2017",,"model","like new","6 cylinders","gas",,"clean","automatic",,"rwd",,,"grey","https://images.craigslist.org/00R0R_aEeEUfOshdE_600x450.jpg","44.426157","-64.618626",,,,,"FAILED",
"https://whistler.craigslist.ca/ctd/d/2014-chevy-silverado-high/6708609152.html","whistler","39995","2014",,"model","excellent","8 cylinders","gas",,"clean","automatic",,"4wd",,,"grey","https://images.craigslist.org/00B0B_5MhlN9cHk4b_600x450.jpg","44.426157","-64.618626",,,,,"FAILED",
"https://whistler.craigslist.ca/ctd/d/2017-chrysler-300-touring/6699881065.html","whistler","24995","2017",,"model","like new","6 cylinders","gas",,"clean","automatic",,"rwd",,,"blue","https://images.craigslist.org/00j0j_laCNG7xkzS3_600x450.jpg","44.426157","-64.618626",,,,,"FAILED",
"https://whistler.craigslist.ca/ctd/d/demo2018-mitsubishi-outlander/6699865957.html","whistler","45295","2018",,"model","excellent",,"hybrid",,"clean","automatic",,,,,"black","https://images.craigslist.org/00H0H_fWRsCoQV7rh_600x450.jpg","44.426157","-64.618626",,,,,"FAILED",
"https://whistler.craigslist.ca/ctd/d/2018-mitsubishi-outlander-es/6699874766.html","whistler","23888","2018",,"model","like new",,"gas",,"clean","automatic",,,,,"blue","https://images.craigslist.org/00l0l_f9FWR4cvQPw_600x450.jpg","44.426157","-64.618626",,,,,"FAILED",
"https://whistler.craigslist.ca/ctd/d/2016-mitsubishi-lancer-se-ltd/6716111739.html","whistler","16988","2015",,"model","new",,"gas",,"clean","automatic",,,,,,"https://images.craigslist.org/01111_dh2igp3uREv_600x450.jpg","44.426157","-64.618626",,,,,"FAILED",
"https://whistler.craigslist.ca/ctd/d/2014-chevy-silverado-high/6716897115.html","whistler","39995","2014",,"model","excellent","8 cylinders","gas",,"clean","automatic",,"4wd",,,"grey","https://images.craigslist.org/00B0B_5MhlN9cHk4b_600x450.jpg","44.426157","-64.618626",,,,,"FAILED",
"https://whistler.craigslist.ca/ctd/d/2007-nissan-murano-se-awd/6706798543.html","whistler","8800","2007","nissan","murano se",,,"gas","163000","clean","automatic","KELLY 6047278476",,,,,"https://images.craigslist.org/00M0M_5S1rIk3kXjz_600x450.jpg","49.026576","-122.82921",,,,,"FAILED",
"https://whistler.craigslist.ca/ctd/d/2014-audi-q5-20-navigation/6706423631.html","whistler","32990","2014","audi","q5 navigation",,,"gas","49900","clean","automatic","KELLY 6047278476",,,,,"https://images.craigslist.org/00E0E_6sYWMsSTBCt_600x450.jpg","49.026576","-122.82921",,,,,"FAILED",
"https://whistler.craigslist.ca/ctd/d/2017-dodge-charger-sxt/6706509593.html","whistler","29990","2017","dodge","charger sxt",,,"gas","12000","clean","automatic","KELLY 6047278476",,,,,"https://images.craigslist.org/01717_j5uX4JpIEun_600x450.jpg","49.164622","-122.797475",,,,,"FAILED",
"https://whistler.craigslist.ca/ctd/d/2011-bmw-x5-xdrive35d-diesel/6706805651.html","whistler","24990","2011","bmw","x5 xdrive35d",,,"diesel","109000","clean","automatic","KELLY 6047278476",,,,,"https://images.craigslist.org/00d0d_91ZPghlZlFt_600x450.jpg","49.026576","-122.82921",,,,,"FAILED",
"https://whistler.craigslist.ca/ctd/d/2009-volkswagen-jetta-vw-tdi/6706575660.html","whistler","8990","2009","volkswagen","jetta",,,"diesel","180000","clean","automatic","KELLY 6047278476",,,,,"https://images.craigslist.org/00808_9epvpcNa1iF_600x450.jpg","49.026576","-122.82921",,,,,"FAILED",
"https://whistler.craigslist.ca/ctd/d/2010-audi-q5-navigation-1/6706517762.html","whistler","15890","2010","audi","q5 3.2",,,"gas","188000","clean","automatic","KELLY 6047278476",,,,,"https://images.craigslist.org/00d0d_6Wi1bT9UiA6_600x450.jpg","49.026576","-122.82921",,,,,"FAILED",
"https://whistler.craigslist.ca/ctd/d/2014-mercedes-benz-cla-250/6706595864.html","whistler","25950","2014","mercedes-benz","cla 250",,,"gas","61000","clean","automatic","KELLY 6047278476",,,,,"https://images.craigslist.org/00E0E_gaUAIDivkIh_600x450.jpg","49.026576","-122.82921",,,,,"FAILED",
"https://whistler.craigslist.ca/ctd/d/2014-subaru-impreza-awd-low/6709833803.html","whistler","13890","2014","subaru","impreza 2.0i",,,"gas","78000","clean","automatic","KELLY 6047278476",,,,,"https://images.craigslist.org/00Z0Z_j51Fhkx35Dd_600x450.jpg","49.026576","-122.82921",,,,,"FAILED",
"https://whistler.craigslist.ca/ctd/d/2010-acura-csx-tech-civic/6707703901.html","whistler","10890","2010","acura","csx tech",,,"gas","141000","clean","automatic","KELLY 6047278476",,,,,"https://images.craigslist.org/00g0g_gDEWFyoX2jP_600x450.jpg","49.026576","-122.82921",,,,,"FAILED",
"https://whistler.craigslist.ca/ctd/d/2010-audi-q5-premium/6707705796.html","whistler","18990","2010","audi","q5 3.2",,,"gas","152000","clean","automatic","KELLY 6047278476",,,,,"https://images.craigslist.org/00T0T_hzVF1f8Tsp4_600x450.jpg","49.026576","-122.82921",,,,,"FAILED",
"https://whistler.craigslist.ca/ctd/d/2016-chrysler-300-touring/6707702288.html","whistler","26880","2016","chrysler","300",,,"gas","49000","clean","automatic","KELLY 6047278476",,,,,"https://images.craigslist.org/01212_eVww93xdKHO_600x450.jpg","49.026576","-122.82921",,,,,"FAILED",
"https://whistler.craigslist.ca/ctd/d/2015-toyota-tacoma-v6-4x4-trd/6708608426.html","whistler","29895","2015",,"model","excellent","6 cylinders","gas",,"clean","automatic",,"4wd",,,"grey","https://images.craigslist.org/00L0L_4Ids05i1tM9_600x450.jpg","44.426157","-64.618626",,,,,"FAILED",
"https://whistler.craigslist.ca/ctd/d/black2016-mitsubishi/6699876302.html","whistler","27888","2016",,"model","excellent",,"gas",,"clean","automatic",,,,,"black","https://images.craigslist.org/01414_cEJ00dvOipa_600x450.jpg","44.426157","-64.618626",,,,,"FAILED",
"https://whistler.craigslist.ca/ctd/d/2014-chevy-silverado-high/6715328820.html","whistler","39988","2014",,"model","excellent","8 cylinders","gas",,"clean","automatic",,"4wd",,,"grey","https://images.craigslist.org/00w0w_l53c9FpReqF_600x450.jpg","44.426157","-64.618626",,,,,"FAILED",
"https://whistler.craigslist.ca/ctd/d/2012-nissan-murano-le-awd-no/6715333641.html","whistler","21888","2012",,"model","excellent","6 cylinders","gas",,"clean","automatic",,,,,"silver","https://images.craigslist.org/00H0H_hU1nuE41kIJ_600x450.jpg","44.426157","-64.618626",,,,,"FAILED",
"https://whistler.craigslist.ca/ctd/d/2008-hyundai-sonata-gl-v6/6715303276.html","whistler","5988","2008",,"model","excellent",,"gas",,"clean","automatic",,,,,"silver","https://images.craigslist.org/01010_7ymgixhPkbb_600x450.jpg","44.426157","-64.618626",,,,,"FAILED",
"https://whistler.craigslist.ca/ctd/d/2014-chevy-silverado-high/6716108527.html","whistler","39988","2014",,"model","excellent","8 cylinders","gas",,"clean","automatic",,"4wd",,,"grey","https://images.craigslist.org/00B0B_5MhlN9cHk4b_600x450.jpg","44.426157","-64.618626",,,,,"FAILED",
"https://whistler.craigslist.ca/ctd/d/2015-toyota-tacoma-v6-4x4-trd/6716894383.html","whistler","29895","2015",,"model","excellent","6 cylinders","gas",,"clean","automatic",,"4wd",,,"grey","https://images.craigslist.org/00L0L_4Ids05i1tM9_600x450.jpg","44.426157","-64.618626",,,,,"FAILED",
"https://whistler.craigslist.ca/ctd/d/2015-ford-escape-se-back-up/6718639048.html","whistler","16990","2015","ford","escape se",,,"gas","86000","clean","automatic","KELLY 6047278476",,,,,"https://images.craigslist.org/00m0m_96zfDLfzMVs_600x450.jpg","49.164622","-122.797475",,,,,"FAILED",
"https://whistler.craigslist.ca/ctd/d/2016-nissan-sentra-sv-sedan/6699875755.html","whistler","16888","2016",,"model","excellent",,"gas",,"clean","automatic",,,,,"blue","https://images.craigslist.org/00707_fxi4FMR5JBN_600x450.jpg","44.426157","-64.618626",,,,,"FAILED",
"https://whistler.craigslist.ca/ctd/d/2012-hyundai-santa-fe-gls-awd/6699877854.html","whistler","13995","2012",,"model","excellent",,"gas",,"clean","automatic",,,,,"blue","https://images.craigslist.org/00j0j_gilBaPaBXKT_600x450.jpg","44.426157","-64.618626",,,,,"FAILED",
"https://whistler.craigslist.ca/ctd/d/2015-toyota-tacoma-v6-4x4-trd/6715327346.html","whistler","29888","2015",,"model","excellent","6 cylinders","gas",,"clean","automatic",,"4wd",,,"grey","https://images.craigslist.org/00Z0Z_gaursL7PnFX_600x450.jpg","44.426157","-64.618626",,,,,"FAILED",
"https://whistler.craigslist.ca/ctd/d/grey2013-mitsubishi-rvr-se/6715332052.html","whistler","13995","2013",,"model","excellent","4 cylinders","gas",,"clean","automatic",,"4wd",,,"grey","https://images.craigslist.org/00Y0Y_eD3CR1H75Or_600x450.jpg","44.426157","-64.618626",,,,,"FAILED",
"https://whistler.craigslist.ca/ctd/d/2014-nissan-pathfinder-sv-4wd/6716153353.html","whistler","21995","2014",,"model","excellent","6 cylinders","gas",,"clean","automatic",,"4wd",,,"silver","https://images.craigslist.org/00A0A_kwUxfLfpFA9_600x450.jpg","44.426157","-64.618626",,,,,"FAILED",
"https://whistler.craigslist.ca/ctd/d/2014-nissan-pathfinder-sv-4wd/6716535989.html","whistler","21988","2014",,"model","excellent","6 cylinders","gas",,"clean","automatic",,"4wd",,,"silver","https://images.craigslist.org/00505_51e0xrIkigJ_600x450.jpg","44.426157","-64.618626",,,,,"FAILED",
"https://whistler.craigslist.ca/ctd/d/2016-mitsubishi-outlander-es/6716117803.html","whistler","21988","2016",,"model","excellent","4 cylinders","gas",,"clean","automatic",,"4wd",,,"grey","https://images.craigslist.org/01616_6U1X3vpoFVu_600x450.jpg","44.426157","-64.618626",,,,,"FAILED",
"https://whistler.craigslist.ca/ctd/d/2015-toyota-tacoma-v6-4x4-trd/6716105659.html","whistler","29895","2015",,"model","excellent","6 cylinders","gas",,"clean","automatic",,"4wd",,,"grey","https://images.craigslist.org/00L0L_4Ids05i1tM9_600x450.jpg","44.426157","-64.618626",,,,,"FAILED",
"https://whistler.craigslist.ca/ctd/d/2017-dodge-charger-sxt-plus/6716892191.html","whistler","26988","2017",,"model","like new","6 cylinders","gas",,"clean","automatic",,"rwd",,,"grey","https://images.craigslist.org/00R0R_aEeEUfOshdE_600x450.jpg","44.426157","-64.618626",,,,,"FAILED",
"https://whistler.craigslist.ca/ctd/d/2012-mazda-3-sport-gx/6716901876.html","whistler","11995","2012",,"model","excellent","4 cylinders","gas",,"clean","automatic",,"fwd",,"hatchback","blue","https://images.craigslist.org/00n0n_3DoLZeMmKsB_600x450.jpg","44.426157","-64.618626",,,,,"FAILED",
"https://whistler.craigslist.ca/ctd/d/2017-dodge-charger-sxt-plus/6715326014.html","whistler","26988","2017",,"model","like new","6 cylinders","gas",,"clean","automatic",,"rwd",,,"grey","https://images.craigslist.org/01616_lqjGNEAesUS_600x450.jpg","44.426157","-64.618626",,,,,"FAILED",
"https://whistler.craigslist.ca/ctd/d/2016-mitsubishi-outlander-es/6715331600.html","whistler","21995","2016",,"model","excellent","4 cylinders","gas",,"clean","automatic",,"4wd",,,"grey","https://images.craigslist.org/01010_2AWTG1GeotQ_600x450.jpg","44.426157","-64.618626",,,,,"FAILED",
"https://whistler.craigslist.ca/ctd/d/white-pearl2016-mitsubishi/6716899258.html","whistler","16995","2015",,"model","new",,"gas",,"clean","automatic",,,,,,"https://images.craigslist.org/01111_dh2igp3uREv_600x450.jpg","44.426157","-64.618626",,,,,"FAILED",
"https://whistler.craigslist.ca/ctd/d/2017-chrysler-300-touring/6716889712.html","whistler","24995","2017",,"model","like new","6 cylinders","gas",,"clean","automatic",,"rwd",,,"blue","https://images.craigslist.org/00j0j_laCNG7xkzS3_600x450.jpg","44.426157","-64.618626",,,,,"FAILED",
"https://whistler.craigslist.ca/ctd/d/2018-mitsubishi-outlander/6699866483.html","whistler","47717","2018",,"model","excellent",,"hybrid",,"clean","automatic",,,,,"black","https://images.craigslist.org/00h0h_e4RDOgGc6te_600x450.jpg","44.426157","-64.618626",,,,,"FAILED",
"https://whistler.craigslist.ca/ctd/d/2016-mitsubishi-lancer-se-ltd/6708609763.html","whistler","16995","2015",,"model","new",,"gas",,"clean","automatic",,,,,,"https://images.craigslist.org/01111_dh2igp3uREv_600x450.jpg","44.426157","-64.618626",,,,,"FAILED",
"https://whistler.craigslist.ca/ctd/d/black2016-mitsubishi/6708607099.html","whistler","26888","2016",,"model","excellent",,"gas",,"clean","automatic",,,,,"black","https://images.craigslist.org/01414_cEJ00dvOipa_600x450.jpg","44.426157","-64.618626",,,,,"FAILED",
"https://whistler.craigslist.ca/ctd/d/2014-toyota-camry-le-hybrid/6694136669.html","whistler","17700","2014","toyota","camry le hybrid",,,"electric","153000","clean","automatic","KELLY 6047278476",,,,,"https://images.craigslist.org/00s0s_6gZRsRGz2ZC_600x450.jpg","49.026576","-122.82921",,,,,"FAILED",
"https://whistler.craigslist.ca/ctd/d/2007-land-rover-range-rover/6708403637.html","whistler","14990","2007","rover","sport",,,"gas","161000","clean","automatic","KELLY 6047278476",,,,,"https://images.craigslist.org/00P0P_hlLIttZ0uBT_600x450.jpg","49.026576","-122.82921",,,,,"FAILED",
"https://whistler.craigslist.ca/ctd/d/2017-dodge-challenger-sxt/6708598415.html","whistler","33950","2017","dodge","challenger sxt",,,"gas","12000","clean","automatic","KELLY 6047278476",,,,,"https://images.craigslist.org/00W0W_4OMZZ416s4y_600x450.jpg","49.164622","-122.797475",,,,,"FAILED",
"https://whistler.craigslist.ca/ctd/d/2012-nissan-murano-le-awd-no/6699881840.html","whistler","21888","2012",,"model","excellent","6 cylinders","gas",,"clean","automatic",,,,,"silver","https://images.craigslist.org/00R0R_6B9r3Q5Dvx2_600x450.jpg","44.426157","-64.618626",,,,,"FAILED",
"https://whistler.craigslist.ca/ctd/d/2016-nissan-sentra-sv-sedan/6716103017.html","whistler","15988","2016",,"model","excellent",,"gas",,"clean","automatic",,,,,"blue","https://images.craigslist.org/00H0H_5YXjkSvJYYB_600x450.jpg","44.426157","-64.618626",,,,,"FAILED",
"https://whistler.craigslist.ca/ctd/d/2012-mazda-3-sport-gx/6716115236.html","whistler","11988","2012",,"model","excellent","4 cylinders","gas",,"clean","automatic",,"fwd",,"hatchback","blue","https://images.craigslist.org/00c0c_58Cqe0DvHuP_600x450.jpg","44.426157","-64.618626",,,,,"FAILED",
"https://whistler.craigslist.ca/ctd/d/2016-chrysler-300-touring/6714046172.html","whistler","26880","2016","chrysler","300",,,"gas","49000","clean","automatic","KELLY 6047278476",,,,,"https://images.craigslist.org/01212_eVww93xdKHO_600x450.jpg","49.026576","-122.82921",,,,,"FAILED",
"https://whistler.craigslist.ca/ctd/d/2010-toyota-prius-hybrid/6706795663.html","whistler","17990","2010","toyota","prius hybrid",,,"hybrid","117000","clean","automatic","KELLY 6047278476",,,,,"https://images.craigslist.org/00A0A_9uISjwCoREU_600x450.jpg","49.026576","-122.82921",,,,,"FAILED",
"https://whistler.craigslist.ca/ctd/d/2010-toyota-prius-hybrid/6708195085.html","whistler","17990","2010","toyota","prius hybrid",,,"hybrid","117000","clean","automatic","KELLY 6047278476",,,,,"https://images.craigslist.org/00A0A_9uISjwCoREU_600x450.jpg","49.026576","-122.82921",,,,,"FAILED",
"https://whistler.craigslist.ca/ctd/d/2010-audi-q5-navigation-1/6704341330.html","whistler","15890","2010","audi","q5 3.2",,,"gas","188000","clean","automatic","KELLY 6047278476",,,,,"https://images.craigslist.org/00d0d_6Wi1bT9UiA6_600x450.jpg","49.026576","-122.82921",,,,,"FAILED",
"https://whistler.craigslist.ca/ctd/d/2016-dodge-charger-sxt-awd/6694182781.html","whistler","27890","2016","dodge","charger sxt",,,"gas","31000","clean","automatic","KELLY 6047278476",,,,,"https://images.craigslist.org/00F0F_1460JWHKtM5_600x450.jpg","49.164622","-122.797475",,,,,"FAILED",
"https://whistler.craigslist.ca/ctd/d/2007-nissan-murano-se-awd/6708462921.html","whistler","8800","2007","nissan","murano se",,,"gas","163000","clean","automatic","KELLY 6047278476",,,,,"https://images.craigslist.org/00M0M_5S1rIk3kXjz_600x450.jpg","49.026576","-122.82921",,,,,"FAILED",
"https://whistler.craigslist.ca/ctd/d/2006-mazda-6-mazda6-gt-mazda3/6716238544.html","whistler","2990","2006","mazda","6 mazda6 gt",,,"gas","259000","clean","manual","KELLY 6047278476",,,,,"https://images.craigslist.org/00T0T_gOVggzCOc5T_600x450.jpg","49.026576","-122.82921",,,,,"FAILED",
"https://whistler.craigslist.ca/ctd/d/2015-toyota-rav4-xle/6716251632.html","whistler","24990","2015","toyota","rav4",,,"gas","34000","clean","automatic","KELLY 6047278476",,,,,"https://images.craigslist.org/00b0b_dXvJZEJFUzG_600x450.jpg","49.026576","-122.82921",,,,,"FAILED",
"https://whistler.craigslist.ca/ctd/d/2014-subaru-impreza-awd-low/6708566252.html","whistler","13890","2014","subaru","impreza 2.0i",,,"gas","78000","clean","automatic","KELLY 6047278476",,,,,"https://images.craigslist.org/00Z0Z_j51Fhkx35Dd_600x450.jpg","49.026576","-122.82921",,,,,"FAILED",
"https://whistler.craigslist.ca/ctd/d/2010-toyota-camry-le-1-year/6708571011.html","whistler","9690","2010","toyota","camry le",,,"gas","159000","clean","automatic","KELLY 6047278476",,,,,"https://images.craigslist.org/01414_d9S7tRW3fbc_600x450.jpg","49.026576","-122.82921",,,,,"FAILED",
"https://whistler.craigslist.ca/ctd/d/2010-audi-q5-premium/6704342588.html","whistler","18990","2010","audi","q5 3.2",,,"gas","152000","clean","automatic","KELLY 6047278476",,,,,"https://images.craigslist.org/00T0T_hzVF1f8Tsp4_600x450.jpg","49.026576","-122.82921",,,,,"FAILED",
"https://easttexas.craigslist.org/cto/d/2004-ford-focus/6718627137.html","easttexas","1250","2004","ford","focus se 4dr sedan","fair","4 cylinders","gas",,"clean","automatic",,"fwd",,"sedan","blue","https://images.craigslist.org/00f0f_i0OHx0px5Tb_600x450.jpg","32.14739","-95.404945","48423","Smith","48","TX","Texas","67"
"https://easttexas.craigslist.org/cto/d/1982-chevy-c30/6718610635.html","easttexas","2850","1982","chevy","","good","8 cylinders","gas","14000","clean","manual",,"rwd","mid-size","pickup","red","https://images.craigslist.org/01616_9ms6ciNVu29_600x450.jpg","37.13284","-95.78558","20125","Montgomery","20","KS","Kansas","51"
